class_id,class_name,model,split,threshold,n,n_pos,pos_frac,acc,prec,rec,f1,iou,auc,features,n_train_balanced,pos_frac_train
10,tree_cover,LogReg,test,0.5629,151552,27700,0.1828,0.8303,0.5242,0.7760,0.6257,0.4553,0.8784,"Sentinel-2_B02,Sentinel-2_B03,Sentinel-2_B04,Sentinel-2_B08,Sentinel-1_VV,Sentinel-1_VH",839680,0.2620
10,tree_cover,LogReg,val,0.5629,200704,55095,0.2745,0.8138,0.6401,0.7347,0.6841,0.5199,0.8720,"Sentinel-2_B02,Sentinel-2_B03,Sentinel-2_B04,Sentinel-2_B08,Sentinel-1_VV,Sentinel-1_VH",839680,0.2620
10,tree_cover,RF,test,0.5626,151552,27700,0.1828,0.8807,0.6411,0.7892,0.7074,0.5473,0.9324,"Sentinel-2_B02,Sentinel-2_B03,Sentinel-2_B04,Sentinel-2_B08,Sentinel-1_VV,Sentinel-1_VH",839680,0.2620
10,tree_cover,RF,val,0.5626,200704,55095,0.2745,0.8497,0.6982,0.7973,0.7445,0.5929,0.9209,"Sentinel-2_B02,Sentinel-2_B03,Sentinel-2_B04,Sentinel-2_B08,Sentinel-1_VV,Sentinel-1_VH",839680,0.2620
10,tree_cover,XGB,test,0.6018,151552,27700,0.1828,0.8830,0.6489,0.7839,0.7101,0.5505,0.9330,"Sentinel-2_B02,Sentinel-2_B03,Sentinel-2_B04,Sentinel-2_B08,Sentinel-1_VV,Sentinel-1_VH",839680,0.2620
10,tree_cover,XGB,val,0.6018,200704,55095,0.2745,0.8532,0.7075,0.7930,0.7478,0.5972,0.9229,"Sentinel-2_B02,Sentinel-2_B03,Sentinel-2_B04,Sentinel-2_B08,Sentinel-1_VV,Sentinel-1_VH",839680,0.2620
10,tree_cover,U-Net,test,0.4579,151552,27700,0.1828,0.9057,0.7079,0.8243,0.7617,0.6151,0.9495,"Sentinel-2_B02,Sentinel-2_B03,Sentinel-2_B04,Sentinel-2_B08,Sentinel-1_VV,Sentinel-1_VH",210,0.2620
10,tree_cover,U-Net,val,0.4579,200704,55095,0.2745,0.8766,0.7388,0.8514,0.7911,0.6544,0.9438,"Sentinel-2_B02,Sentinel-2_B03,Sentinel-2_B04,Sentinel-2_B08,Sentinel-1_VV,Sentinel-1_VH",210,0.2620
30,grassland,LogReg,test,0.6664,151552,16271,0.1074,0.8570,0.3964,0.6352,0.4882,0.3229,0.8561,"Sentinel-2_B02,Sentinel-2_B03,Sentinel-2_B04,Sentinel-2_B08,Sentinel-1_VV,Sentinel-1_VH",391680,0.1667
30,grassland,LogReg,val,0.6664,200704,17415,0.0868,0.8390,0.2873,0.5779,0.3838,0.2375,0.8131,"Sentinel-2_B02,Sentinel-2_B03,Sentinel-2_B04,Sentinel-2_B08,Sentinel-1_VV,Sentinel-1_VH",391680,0.1667
30,grassland,RF,test,0.7680,151552,16271,0.1074,0.9073,0.5668,0.5810,0.5738,0.4023,0.9089,"Sentinel-2_B02,Sentinel-2_B03,Sentinel-2_B04,Sentinel-2_B08,Sentinel-1_VV,Sentinel-1_VH",391680,0.1667
30,grassland,RF,val,0.7680,200704,17415,0.0868,0.9133,0.5005,0.5418,0.5203,0.3516,0.8821,"Sentinel-2_B02,Sentinel-2_B03,Sentinel-2_B04,Sentinel-2_B08,Sentinel-1_VV,Sentinel-1_VH",391680,0.1667
30,grassland,XGB,test,0.8302,151552,16271,0.1074,0.9077,0.5671,0.5947,0.5806,0.4090,0.9114,"Sentinel-2_B02,Sentinel-2_B03,Sentinel-2_B04,Sentinel-2_B08,Sentinel-1_VV,Sentinel-1_VH",391680,0.1667
30,grassland,XGB,val,0.8302,200704,17415,0.0868,0.9213,0.5489,0.5227,0.5355,0.3656,0.8856,"Sentinel-2_B02,Sentinel-2_B03,Sentinel-2_B04,Sentinel-2_B08,Sentinel-1_VV,Sentinel-1_VH",391680,0.1667
30,grassland,U-Net,test,0.4679,151552,16271,0.1074,0.9027,0.5388,0.6523,0.5901,0.4186,0.8986,"Sentinel-2_B02,Sentinel-2_B03,Sentinel-2_B04,Sentinel-2_B08,Sentinel-1_VV,Sentinel-1_VH",210,0.0777
30,grassland,U-Net,val,0.4679,200704,17415,0.0868,0.9177,0.5226,0.5932,0.5557,0.3847,0.8842,"Sentinel-2_B02,Sentinel-2_B03,Sentinel-2_B04,Sentinel-2_B08,Sentinel-1_VV,Sentinel-1_VH",210,0.0777
40,cropland,LogReg,test,0.8085,151552,5560,0.0367,0.9461,0.2162,0.1786,0.1956,0.1084,0.8161,"Sentinel-2_B02,Sentinel-2_B03,Sentinel-2_B04,Sentinel-2_B08,Sentinel-1_VV,Sentinel-1_VH",25578,0.1667
40,cropland,LogReg,val,0.8085,200704,423,0.0021,0.9755,0.0094,0.1017,0.0172,0.0087,0.7294,"Sentinel-2_B02,Sentinel-2_B03,Sentinel-2_B04,Sentinel-2_B08,Sentinel-1_VV,Sentinel-1_VH",25578,0.1667
40,cropland,RF,test,0.5224,151552,5560,0.0367,0.9110,0.2513,0.7198,0.3725,0.2289,0.9136,"Sentinel-2_B02,Sentinel-2_B03,Sentinel-2_B04,Sentinel-2_B08,Sentinel-1_VV,Sentinel-1_VH",25578,0.1667
40,cropland,RF,val,0.5224,200704,423,0.0021,0.9181,0.0114,0.4397,0.0221,0.0112,0.8252,"Sentinel-2_B02,Sentinel-2_B03,Sentinel-2_B04,Sentinel-2_B08,Sentinel-1_VV,Sentinel-1_VH",25578,0.1667
40,cropland,XGB,test,0.6803,151552,5560,0.0367,0.9274,0.2934,0.6959,0.4128,0.2601,0.9112,"Sentinel-2_B02,Sentinel-2_B03,Sentinel-2_B04,Sentinel-2_B08,Sentinel-1_VV,Sentinel-1_VH",25578,0.1667
40,cropland,XGB,val,0.6803,200704,423,0.0021,0.9360,0.0153,0.4634,0.0296,0.0150,0.8476,"Sentinel-2_B02,Sentinel-2_B03,Sentinel-2_B04,Sentinel-2_B08,Sentinel-1_VV,Sentinel-1_VH",25578,0.1667
40,cropland,U-Net,test,0.2566,151552,5560,0.0367,0.9539,0.0090,0.0023,0.0037,0.0019,0.6689,"Sentinel-2_B02,Sentinel-2_B03,Sentinel-2_B04,Sentinel-2_B08,Sentinel-1_VV,Sentinel-1_VH",210,0.0051
40,cropland,U-Net,val,0.2566,200704,423,0.0021,0.9904,0.0124,0.0449,0.0194,0.0098,0.6784,"Sentinel-2_B02,Sentinel-2_B03,Sentinel-2_B04,Sentinel-2_B08,Sentinel-1_VV,Sentinel-1_VH",210,0.0051
50,built_up,LogReg,test,0.3926,151552,71967,0.4749,0.7899,0.7263,0.8946,0.8017,0.6691,0.8432,"Sentinel-2_B02,Sentinel-2_B03,Sentinel-2_B04,Sentinel-2_B08,Sentinel-1_VV,Sentinel-1_VH",839680,0.5061
50,built_up,LogReg,val,0.3926,200704,105914,0.5277,0.7828,0.7556,0.8696,0.8086,0.6788,0.8413,"Sentinel-2_B02,Sentinel-2_B03,Sentinel-2_B04,Sentinel-2_B08,Sentinel-1_VV,Sentinel-1_VH",839680,0.5061
50,built_up,RF,test,0.4288,151552,71967,0.4749,0.8397,0.7784,0.9261,0.8459,0.7329,0.9252,"Sentinel-2_B02,Sentinel-2_B03,Sentinel-2_B04,Sentinel-2_B08,Sentinel-1_VV,Sentinel-1_VH",839680,0.5061
50,built_up,RF,val,0.4288,200704,105914,0.5277,0.8274,0.7951,0.9064,0.8471,0.7348,0.9091,"Sentinel-2_B02,Sentinel-2_B03,Sentinel-2_B04,Sentinel-2_B08,Sentinel-1_VV,Sentinel-1_VH",839680,0.5061
50,built_up,XGB,test,0.3750,151552,71967,0.4749,0.8419,0.7760,0.9376,0.8492,0.7379,0.9284,"Sentinel-2_B02,Sentinel-2_B03,Sentinel-2_B04,Sentinel-2_B08,Sentinel-1_VV,Sentinel-1_VH",839680,0.5061
50,built_up,XGB,val,0.3750,200704,105914,0.5277,0.8250,0.7860,0.9185,0.8471,0.7348,0.9090,"Sentinel-2_B02,Sentinel-2_B03,Sentinel-2_B04,Sentinel-2_B08,Sentinel-1_VV,Sentinel-1_VH",839680,0.5061
50,built_up,U-Net,test,0.4966,151552,71967,0.4749,0.8465,0.8007,0.9011,0.8479,0.7360,0.9317,"Sentinel-2_B02,Sentinel-2_B03,Sentinel-2_B04,Sentinel-2_B08,Sentinel-1_VV,Sentinel-1_VH",210,0.5061
50,built_up,U-Net,val,0.4966,200704,105914,0.5277,0.8407,0.8181,0.8977,0.8561,0.7484,0.9213,"Sentinel-2_B02,Sentinel-2_B03,Sentinel-2_B04,Sentinel-2_B08,Sentinel-1_VV,Sentinel-1_VH",210,0.5061
80,water,LogReg,test,0.8264,151552,27337,0.1804,0.9767,0.9652,0.9033,0.9332,0.8748,0.9774,"Sentinel-2_B02,Sentinel-2_B03,Sentinel-2_B04,Sentinel-2_B08,Sentinel-1_VV,Sentinel-1_VH",696612,0.1667
80,water,LogReg,val,0.8264,200704,19287,0.0961,0.9801,0.9132,0.8760,0.8942,0.8086,0.9715,"Sentinel-2_B02,Sentinel-2_B03,Sentinel-2_B04,Sentinel-2_B08,Sentinel-1_VV,Sentinel-1_VH",696612,0.1667
80,water,RF,test,0.6435,151552,27337,0.1804,0.9781,0.9713,0.9051,0.9371,0.8816,0.9805,"Sentinel-2_B02,Sentinel-2_B03,Sentinel-2_B04,Sentinel-2_B08,Sentinel-1_VV,Sentinel-1_VH",696612,0.1667
80,water,RF,val,0.6435,200704,19287,0.0961,0.9855,0.9720,0.8745,0.9207,0.8531,0.9759,"Sentinel-2_B02,Sentinel-2_B03,Sentinel-2_B04,Sentinel-2_B08,Sentinel-1_VV,Sentinel-1_VH",696612,0.1667
80,water,XGB,test,0.8341,151552,27337,0.1804,0.9804,0.9751,0.9149,0.9441,0.8940,0.9825,"Sentinel-2_B02,Sentinel-2_B03,Sentinel-2_B04,Sentinel-2_B08,Sentinel-1_VV,Sentinel-1_VH",696612,0.1667
80,water,XGB,val,0.8341,200704,19287,0.0961,0.9872,0.9726,0.8919,0.9305,0.8701,0.9804,"Sentinel-2_B02,Sentinel-2_B03,Sentinel-2_B04,Sentinel-2_B08,Sentinel-1_VV,Sentinel-1_VH",696612,0.1667
80,water,U-Net,test,0.4279,151552,27337,0.1804,0.9758,0.9490,0.9149,0.9316,0.8720,0.9905,"Sentinel-2_B02,Sentinel-2_B03,Sentinel-2_B04,Sentinel-2_B08,Sentinel-1_VV,Sentinel-1_VH",210,0.1383
80,water,U-Net,val,0.4279,200704,19287,0.0961,0.9855,0.9606,0.8859,0.9217,0.8548,0.9916,"Sentinel-2_B02,Sentinel-2_B03,Sentinel-2_B04,Sentinel-2_B08,Sentinel-1_VV,Sentinel-1_VH",210,0.1383
