filename,x_offset,y_offset,width,height,augmentation
tile_00000.tif,0,0,256,256,none
tile_00000_flipH.tif,0,0,256,256,flipH
tile_00000_flipV.tif,0,0,256,256,flipV
tile_00000_rot90.tif,0,0,256,256,rot90
tile_00000_rot270.tif,0,0,256,256,rot270
tile_00000_noise.tif,0,0,256,256,noise
tile_00001.tif,128,0,256,256,none
tile_00001_flipH.tif,128,0,256,256,flipH
tile_00001_flipV.tif,128,0,256,256,flipV
tile_00001_rot90.tif,128,0,256,256,rot90
tile_00001_rot270.tif,128,0,256,256,rot270
tile_00001_noise.tif,128,0,256,256,noise
tile_00002.tif,256,0,256,256,none
tile_00002_flipH.tif,256,0,256,256,flipH
tile_00002_flipV.tif,256,0,256,256,flipV
tile_00002_rot90.tif,256,0,256,256,rot90
tile_00002_rot270.tif,256,0,256,256,rot270
tile_00002_noise.tif,256,0,256,256,noise
tile_00003.tif,384,0,256,256,none
tile_00003_flipH.tif,384,0,256,256,flipH
tile_00003_flipV.tif,384,0,256,256,flipV
tile_00003_rot90.tif,384,0,256,256,rot90
tile_00003_rot270.tif,384,0,256,256,rot270
tile_00003_noise.tif,384,0,256,256,noise
tile_00004.tif,512,0,256,256,none
tile_00004_flipH.tif,512,0,256,256,flipH
tile_00004_flipV.tif,512,0,256,256,flipV
tile_00004_rot90.tif,512,0,256,256,rot90
tile_00004_rot270.tif,512,0,256,256,rot270
tile_00004_noise.tif,512,0,256,256,noise
tile_00005.tif,640,0,256,256,none
tile_00005_flipH.tif,640,0,256,256,flipH
tile_00005_flipV.tif,640,0,256,256,flipV
tile_00005_rot90.tif,640,0,256,256,rot90
tile_00005_rot270.tif,640,0,256,256,rot270
tile_00005_noise.tif,640,0,256,256,noise
tile_00006.tif,768,0,256,256,none
tile_00006_flipH.tif,768,0,256,256,flipH
tile_00006_flipV.tif,768,0,256,256,flipV
tile_00006_rot90.tif,768,0,256,256,rot90
tile_00006_rot270.tif,768,0,256,256,rot270
tile_00006_noise.tif,768,0,256,256,noise
tile_00007.tif,896,0,256,256,none
tile_00007_flipH.tif,896,0,256,256,flipH
tile_00007_flipV.tif,896,0,256,256,flipV
tile_00007_rot90.tif,896,0,256,256,rot90
tile_00007_rot270.tif,896,0,256,256,rot270
tile_00007_noise.tif,896,0,256,256,noise
tile_00008.tif,1024,0,256,256,none
tile_00008_flipH.tif,1024,0,256,256,flipH
tile_00008_flipV.tif,1024,0,256,256,flipV
tile_00008_rot90.tif,1024,0,256,256,rot90
tile_00008_rot270.tif,1024,0,256,256,rot270
tile_00008_noise.tif,1024,0,256,256,noise
tile_00009.tif,1152,0,256,256,none
tile_00009_flipH.tif,1152,0,256,256,flipH
tile_00009_flipV.tif,1152,0,256,256,flipV
tile_00009_rot90.tif,1152,0,256,256,rot90
tile_00009_rot270.tif,1152,0,256,256,rot270
tile_00009_noise.tif,1152,0,256,256,noise
tile_00010.tif,1280,0,256,256,none
tile_00010_flipH.tif,1280,0,256,256,flipH
tile_00010_flipV.tif,1280,0,256,256,flipV
tile_00010_rot90.tif,1280,0,256,256,rot90
tile_00010_rot270.tif,1280,0,256,256,rot270
tile_00010_noise.tif,1280,0,256,256,noise
tile_00011.tif,1408,0,256,256,none
tile_00011_flipH.tif,1408,0,256,256,flipH
tile_00011_flipV.tif,1408,0,256,256,flipV
tile_00011_rot90.tif,1408,0,256,256,rot90
tile_00011_rot270.tif,1408,0,256,256,rot270
tile_00011_noise.tif,1408,0,256,256,noise
tile_00012.tif,1536,0,256,256,none
tile_00012_flipH.tif,1536,0,256,256,flipH
tile_00012_flipV.tif,1536,0,256,256,flipV
tile_00012_rot90.tif,1536,0,256,256,rot90
tile_00012_rot270.tif,1536,0,256,256,rot270
tile_00012_noise.tif,1536,0,256,256,noise
tile_00013.tif,0,128,256,256,none
tile_00013_flipH.tif,0,128,256,256,flipH
tile_00013_flipV.tif,0,128,256,256,flipV
tile_00013_rot90.tif,0,128,256,256,rot90
tile_00013_rot270.tif,0,128,256,256,rot270
tile_00013_noise.tif,0,128,256,256,noise
tile_00014.tif,128,128,256,256,none
tile_00014_flipH.tif,128,128,256,256,flipH
tile_00014_flipV.tif,128,128,256,256,flipV
tile_00014_rot90.tif,128,128,256,256,rot90
tile_00014_rot270.tif,128,128,256,256,rot270
tile_00014_noise.tif,128,128,256,256,noise
tile_00015.tif,256,128,256,256,none
tile_00015_flipH.tif,256,128,256,256,flipH
tile_00015_flipV.tif,256,128,256,256,flipV
tile_00015_rot90.tif,256,128,256,256,rot90
tile_00015_rot270.tif,256,128,256,256,rot270
tile_00015_noise.tif,256,128,256,256,noise
tile_00016.tif,384,128,256,256,none
tile_00016_flipH.tif,384,128,256,256,flipH
tile_00016_flipV.tif,384,128,256,256,flipV
tile_00016_rot90.tif,384,128,256,256,rot90
tile_00016_rot270.tif,384,128,256,256,rot270
tile_00016_noise.tif,384,128,256,256,noise
tile_00017.tif,512,128,256,256,none
tile_00017_flipH.tif,512,128,256,256,flipH
tile_00017_flipV.tif,512,128,256,256,flipV
tile_00017_rot90.tif,512,128,256,256,rot90
tile_00017_rot270.tif,512,128,256,256,rot270
tile_00017_noise.tif,512,128,256,256,noise
tile_00018.tif,640,128,256,256,none
tile_00018_flipH.tif,640,128,256,256,flipH
tile_00018_flipV.tif,640,128,256,256,flipV
tile_00018_rot90.tif,640,128,256,256,rot90
tile_00018_rot270.tif,640,128,256,256,rot270
tile_00018_noise.tif,640,128,256,256,noise
tile_00019.tif,768,128,256,256,none
tile_00019_flipH.tif,768,128,256,256,flipH
tile_00019_flipV.tif,768,128,256,256,flipV
tile_00019_rot90.tif,768,128,256,256,rot90
tile_00019_rot270.tif,768,128,256,256,rot270
tile_00019_noise.tif,768,128,256,256,noise
tile_00020.tif,896,128,256,256,none
tile_00020_flipH.tif,896,128,256,256,flipH
tile_00020_flipV.tif,896,128,256,256,flipV
tile_00020_rot90.tif,896,128,256,256,rot90
tile_00020_rot270.tif,896,128,256,256,rot270
tile_00020_noise.tif,896,128,256,256,noise
tile_00021.tif,1024,128,256,256,none
tile_00021_flipH.tif,1024,128,256,256,flipH
tile_00021_flipV.tif,1024,128,256,256,flipV
tile_00021_rot90.tif,1024,128,256,256,rot90
tile_00021_rot270.tif,1024,128,256,256,rot270
tile_00021_noise.tif,1024,128,256,256,noise
tile_00022.tif,1152,128,256,256,none
tile_00022_flipH.tif,1152,128,256,256,flipH
tile_00022_flipV.tif,1152,128,256,256,flipV
tile_00022_rot90.tif,1152,128,256,256,rot90
tile_00022_rot270.tif,1152,128,256,256,rot270
tile_00022_noise.tif,1152,128,256,256,noise
tile_00023.tif,1280,128,256,256,none
tile_00023_flipH.tif,1280,128,256,256,flipH
tile_00023_flipV.tif,1280,128,256,256,flipV
tile_00023_rot90.tif,1280,128,256,256,rot90
tile_00023_rot270.tif,1280,128,256,256,rot270
tile_00023_noise.tif,1280,128,256,256,noise
tile_00024.tif,1408,128,256,256,none
tile_00024_flipH.tif,1408,128,256,256,flipH
tile_00024_flipV.tif,1408,128,256,256,flipV
tile_00024_rot90.tif,1408,128,256,256,rot90
tile_00024_rot270.tif,1408,128,256,256,rot270
tile_00024_noise.tif,1408,128,256,256,noise
tile_00025.tif,1536,128,256,256,none
tile_00025_flipH.tif,1536,128,256,256,flipH
tile_00025_flipV.tif,1536,128,256,256,flipV
tile_00025_rot90.tif,1536,128,256,256,rot90
tile_00025_rot270.tif,1536,128,256,256,rot270
tile_00025_noise.tif,1536,128,256,256,noise
tile_00026.tif,0,256,256,256,none
tile_00026_flipH.tif,0,256,256,256,flipH
tile_00026_flipV.tif,0,256,256,256,flipV
tile_00026_rot90.tif,0,256,256,256,rot90
tile_00026_rot270.tif,0,256,256,256,rot270
tile_00026_noise.tif,0,256,256,256,noise
tile_00027.tif,128,256,256,256,none
tile_00027_flipH.tif,128,256,256,256,flipH
tile_00027_flipV.tif,128,256,256,256,flipV
tile_00027_rot90.tif,128,256,256,256,rot90
tile_00027_rot270.tif,128,256,256,256,rot270
tile_00027_noise.tif,128,256,256,256,noise
tile_00028.tif,256,256,256,256,none
tile_00028_flipH.tif,256,256,256,256,flipH
tile_00028_flipV.tif,256,256,256,256,flipV
tile_00028_rot90.tif,256,256,256,256,rot90
tile_00028_rot270.tif,256,256,256,256,rot270
tile_00028_noise.tif,256,256,256,256,noise
tile_00029.tif,384,256,256,256,none
tile_00029_flipH.tif,384,256,256,256,flipH
tile_00029_flipV.tif,384,256,256,256,flipV
tile_00029_rot90.tif,384,256,256,256,rot90
tile_00029_rot270.tif,384,256,256,256,rot270
tile_00029_noise.tif,384,256,256,256,noise
tile_00030.tif,512,256,256,256,none
tile_00030_flipH.tif,512,256,256,256,flipH
tile_00030_flipV.tif,512,256,256,256,flipV
tile_00030_rot90.tif,512,256,256,256,rot90
tile_00030_rot270.tif,512,256,256,256,rot270
tile_00030_noise.tif,512,256,256,256,noise
tile_00031.tif,640,256,256,256,none
tile_00031_flipH.tif,640,256,256,256,flipH
tile_00031_flipV.tif,640,256,256,256,flipV
tile_00031_rot90.tif,640,256,256,256,rot90
tile_00031_rot270.tif,640,256,256,256,rot270
tile_00031_noise.tif,640,256,256,256,noise
tile_00032.tif,768,256,256,256,none
tile_00032_flipH.tif,768,256,256,256,flipH
tile_00032_flipV.tif,768,256,256,256,flipV
tile_00032_rot90.tif,768,256,256,256,rot90
tile_00032_rot270.tif,768,256,256,256,rot270
tile_00032_noise.tif,768,256,256,256,noise
tile_00033.tif,896,256,256,256,none
tile_00033_flipH.tif,896,256,256,256,flipH
tile_00033_flipV.tif,896,256,256,256,flipV
tile_00033_rot90.tif,896,256,256,256,rot90
tile_00033_rot270.tif,896,256,256,256,rot270
tile_00033_noise.tif,896,256,256,256,noise
tile_00034.tif,1024,256,256,256,none
tile_00034_flipH.tif,1024,256,256,256,flipH
tile_00034_flipV.tif,1024,256,256,256,flipV
tile_00034_rot90.tif,1024,256,256,256,rot90
tile_00034_rot270.tif,1024,256,256,256,rot270
tile_00034_noise.tif,1024,256,256,256,noise
tile_00035.tif,1152,256,256,256,none
tile_00035_flipH.tif,1152,256,256,256,flipH
tile_00035_flipV.tif,1152,256,256,256,flipV
tile_00035_rot90.tif,1152,256,256,256,rot90
tile_00035_rot270.tif,1152,256,256,256,rot270
tile_00035_noise.tif,1152,256,256,256,noise
tile_00036.tif,1280,256,256,256,none
tile_00036_flipH.tif,1280,256,256,256,flipH
tile_00036_flipV.tif,1280,256,256,256,flipV
tile_00036_rot90.tif,1280,256,256,256,rot90
tile_00036_rot270.tif,1280,256,256,256,rot270
tile_00036_noise.tif,1280,256,256,256,noise
tile_00037.tif,1408,256,256,256,none
tile_00037_flipH.tif,1408,256,256,256,flipH
tile_00037_flipV.tif,1408,256,256,256,flipV
tile_00037_rot90.tif,1408,256,256,256,rot90
tile_00037_rot270.tif,1408,256,256,256,rot270
tile_00037_noise.tif,1408,256,256,256,noise
tile_00038.tif,1536,256,256,256,none
tile_00038_flipH.tif,1536,256,256,256,flipH
tile_00038_flipV.tif,1536,256,256,256,flipV
tile_00038_rot90.tif,1536,256,256,256,rot90
tile_00038_rot270.tif,1536,256,256,256,rot270
tile_00038_noise.tif,1536,256,256,256,noise
tile_00039.tif,0,384,256,256,none
tile_00039_flipH.tif,0,384,256,256,flipH
tile_00039_flipV.tif,0,384,256,256,flipV
tile_00039_rot90.tif,0,384,256,256,rot90
tile_00039_rot270.tif,0,384,256,256,rot270
tile_00039_noise.tif,0,384,256,256,noise
tile_00040.tif,128,384,256,256,none
tile_00040_flipH.tif,128,384,256,256,flipH
tile_00040_flipV.tif,128,384,256,256,flipV
tile_00040_rot90.tif,128,384,256,256,rot90
tile_00040_rot270.tif,128,384,256,256,rot270
tile_00040_noise.tif,128,384,256,256,noise
tile_00041.tif,256,384,256,256,none
tile_00041_flipH.tif,256,384,256,256,flipH
tile_00041_flipV.tif,256,384,256,256,flipV
tile_00041_rot90.tif,256,384,256,256,rot90
tile_00041_rot270.tif,256,384,256,256,rot270
tile_00041_noise.tif,256,384,256,256,noise
tile_00042.tif,384,384,256,256,none
tile_00042_flipH.tif,384,384,256,256,flipH
tile_00042_flipV.tif,384,384,256,256,flipV
tile_00042_rot90.tif,384,384,256,256,rot90
tile_00042_rot270.tif,384,384,256,256,rot270
tile_00042_noise.tif,384,384,256,256,noise
tile_00043.tif,512,384,256,256,none
tile_00043_flipH.tif,512,384,256,256,flipH
tile_00043_flipV.tif,512,384,256,256,flipV
tile_00043_rot90.tif,512,384,256,256,rot90
tile_00043_rot270.tif,512,384,256,256,rot270
tile_00043_noise.tif,512,384,256,256,noise
tile_00044.tif,640,384,256,256,none
tile_00044_flipH.tif,640,384,256,256,flipH
tile_00044_flipV.tif,640,384,256,256,flipV
tile_00044_rot90.tif,640,384,256,256,rot90
tile_00044_rot270.tif,640,384,256,256,rot270
tile_00044_noise.tif,640,384,256,256,noise
tile_00045.tif,768,384,256,256,none
tile_00045_flipH.tif,768,384,256,256,flipH
tile_00045_flipV.tif,768,384,256,256,flipV
tile_00045_rot90.tif,768,384,256,256,rot90
tile_00045_rot270.tif,768,384,256,256,rot270
tile_00045_noise.tif,768,384,256,256,noise
tile_00046.tif,896,384,256,256,none
tile_00046_flipH.tif,896,384,256,256,flipH
tile_00046_flipV.tif,896,384,256,256,flipV
tile_00046_rot90.tif,896,384,256,256,rot90
tile_00046_rot270.tif,896,384,256,256,rot270
tile_00046_noise.tif,896,384,256,256,noise
tile_00047.tif,1024,384,256,256,none
tile_00047_flipH.tif,1024,384,256,256,flipH
tile_00047_flipV.tif,1024,384,256,256,flipV
tile_00047_rot90.tif,1024,384,256,256,rot90
tile_00047_rot270.tif,1024,384,256,256,rot270
tile_00047_noise.tif,1024,384,256,256,noise
tile_00048.tif,1152,384,256,256,none
tile_00048_flipH.tif,1152,384,256,256,flipH
tile_00048_flipV.tif,1152,384,256,256,flipV
tile_00048_rot90.tif,1152,384,256,256,rot90
tile_00048_rot270.tif,1152,384,256,256,rot270
tile_00048_noise.tif,1152,384,256,256,noise
tile_00049.tif,1280,384,256,256,none
tile_00049_flipH.tif,1280,384,256,256,flipH
tile_00049_flipV.tif,1280,384,256,256,flipV
tile_00049_rot90.tif,1280,384,256,256,rot90
tile_00049_rot270.tif,1280,384,256,256,rot270
tile_00049_noise.tif,1280,384,256,256,noise
tile_00050.tif,1408,384,256,256,none
tile_00050_flipH.tif,1408,384,256,256,flipH
tile_00050_flipV.tif,1408,384,256,256,flipV
tile_00050_rot90.tif,1408,384,256,256,rot90
tile_00050_rot270.tif,1408,384,256,256,rot270
tile_00050_noise.tif,1408,384,256,256,noise
tile_00051.tif,1536,384,256,256,none
tile_00051_flipH.tif,1536,384,256,256,flipH
tile_00051_flipV.tif,1536,384,256,256,flipV
tile_00051_rot90.tif,1536,384,256,256,rot90
tile_00051_rot270.tif,1536,384,256,256,rot270
tile_00051_noise.tif,1536,384,256,256,noise
tile_00052.tif,0,512,256,256,none
tile_00052_flipH.tif,0,512,256,256,flipH
tile_00052_flipV.tif,0,512,256,256,flipV
tile_00052_rot90.tif,0,512,256,256,rot90
tile_00052_rot270.tif,0,512,256,256,rot270
tile_00052_noise.tif,0,512,256,256,noise
tile_00053.tif,128,512,256,256,none
tile_00053_flipH.tif,128,512,256,256,flipH
tile_00053_flipV.tif,128,512,256,256,flipV
tile_00053_rot90.tif,128,512,256,256,rot90
tile_00053_rot270.tif,128,512,256,256,rot270
tile_00053_noise.tif,128,512,256,256,noise
tile_00054.tif,256,512,256,256,none
tile_00054_flipH.tif,256,512,256,256,flipH
tile_00054_flipV.tif,256,512,256,256,flipV
tile_00054_rot90.tif,256,512,256,256,rot90
tile_00054_rot270.tif,256,512,256,256,rot270
tile_00054_noise.tif,256,512,256,256,noise
tile_00055.tif,384,512,256,256,none
tile_00055_flipH.tif,384,512,256,256,flipH
tile_00055_flipV.tif,384,512,256,256,flipV
tile_00055_rot90.tif,384,512,256,256,rot90
tile_00055_rot270.tif,384,512,256,256,rot270
tile_00055_noise.tif,384,512,256,256,noise
tile_00056.tif,512,512,256,256,none
tile_00056_flipH.tif,512,512,256,256,flipH
tile_00056_flipV.tif,512,512,256,256,flipV
tile_00056_rot90.tif,512,512,256,256,rot90
tile_00056_rot270.tif,512,512,256,256,rot270
tile_00056_noise.tif,512,512,256,256,noise
tile_00057.tif,640,512,256,256,none
tile_00057_flipH.tif,640,512,256,256,flipH
tile_00057_flipV.tif,640,512,256,256,flipV
tile_00057_rot90.tif,640,512,256,256,rot90
tile_00057_rot270.tif,640,512,256,256,rot270
tile_00057_noise.tif,640,512,256,256,noise
tile_00058.tif,768,512,256,256,none
tile_00058_flipH.tif,768,512,256,256,flipH
tile_00058_flipV.tif,768,512,256,256,flipV
tile_00058_rot90.tif,768,512,256,256,rot90
tile_00058_rot270.tif,768,512,256,256,rot270
tile_00058_noise.tif,768,512,256,256,noise
tile_00059.tif,896,512,256,256,none
tile_00059_flipH.tif,896,512,256,256,flipH
tile_00059_flipV.tif,896,512,256,256,flipV
tile_00059_rot90.tif,896,512,256,256,rot90
tile_00059_rot270.tif,896,512,256,256,rot270
tile_00059_noise.tif,896,512,256,256,noise
tile_00060.tif,1024,512,256,256,none
tile_00060_flipH.tif,1024,512,256,256,flipH
tile_00060_flipV.tif,1024,512,256,256,flipV
tile_00060_rot90.tif,1024,512,256,256,rot90
tile_00060_rot270.tif,1024,512,256,256,rot270
tile_00060_noise.tif,1024,512,256,256,noise
tile_00061.tif,1152,512,256,256,none
tile_00061_flipH.tif,1152,512,256,256,flipH
tile_00061_flipV.tif,1152,512,256,256,flipV
tile_00061_rot90.tif,1152,512,256,256,rot90
tile_00061_rot270.tif,1152,512,256,256,rot270
tile_00061_noise.tif,1152,512,256,256,noise
tile_00062.tif,1280,512,256,256,none
tile_00062_flipH.tif,1280,512,256,256,flipH
tile_00062_flipV.tif,1280,512,256,256,flipV
tile_00062_rot90.tif,1280,512,256,256,rot90
tile_00062_rot270.tif,1280,512,256,256,rot270
tile_00062_noise.tif,1280,512,256,256,noise
tile_00063.tif,1408,512,256,256,none
tile_00063_flipH.tif,1408,512,256,256,flipH
tile_00063_flipV.tif,1408,512,256,256,flipV
tile_00063_rot90.tif,1408,512,256,256,rot90
tile_00063_rot270.tif,1408,512,256,256,rot270
tile_00063_noise.tif,1408,512,256,256,noise
tile_00064.tif,1536,512,256,256,none
tile_00064_flipH.tif,1536,512,256,256,flipH
tile_00064_flipV.tif,1536,512,256,256,flipV
tile_00064_rot90.tif,1536,512,256,256,rot90
tile_00064_rot270.tif,1536,512,256,256,rot270
tile_00064_noise.tif,1536,512,256,256,noise
tile_00065.tif,0,640,256,256,none
tile_00065_flipH.tif,0,640,256,256,flipH
tile_00065_flipV.tif,0,640,256,256,flipV
tile_00065_rot90.tif,0,640,256,256,rot90
tile_00065_rot270.tif,0,640,256,256,rot270
tile_00065_noise.tif,0,640,256,256,noise
tile_00066.tif,128,640,256,256,none
tile_00066_flipH.tif,128,640,256,256,flipH
tile_00066_flipV.tif,128,640,256,256,flipV
tile_00066_rot90.tif,128,640,256,256,rot90
tile_00066_rot270.tif,128,640,256,256,rot270
tile_00066_noise.tif,128,640,256,256,noise
tile_00067.tif,256,640,256,256,none
tile_00067_flipH.tif,256,640,256,256,flipH
tile_00067_flipV.tif,256,640,256,256,flipV
tile_00067_rot90.tif,256,640,256,256,rot90
tile_00067_rot270.tif,256,640,256,256,rot270
tile_00067_noise.tif,256,640,256,256,noise
tile_00068.tif,384,640,256,256,none
tile_00068_flipH.tif,384,640,256,256,flipH
tile_00068_flipV.tif,384,640,256,256,flipV
tile_00068_rot90.tif,384,640,256,256,rot90
tile_00068_rot270.tif,384,640,256,256,rot270
tile_00068_noise.tif,384,640,256,256,noise
tile_00069.tif,512,640,256,256,none
tile_00069_flipH.tif,512,640,256,256,flipH
tile_00069_flipV.tif,512,640,256,256,flipV
tile_00069_rot90.tif,512,640,256,256,rot90
tile_00069_rot270.tif,512,640,256,256,rot270
tile_00069_noise.tif,512,640,256,256,noise
tile_00070.tif,640,640,256,256,none
tile_00070_flipH.tif,640,640,256,256,flipH
tile_00070_flipV.tif,640,640,256,256,flipV
tile_00070_rot90.tif,640,640,256,256,rot90
tile_00070_rot270.tif,640,640,256,256,rot270
tile_00070_noise.tif,640,640,256,256,noise
tile_00071.tif,768,640,256,256,none
tile_00071_flipH.tif,768,640,256,256,flipH
tile_00071_flipV.tif,768,640,256,256,flipV
tile_00071_rot90.tif,768,640,256,256,rot90
tile_00071_rot270.tif,768,640,256,256,rot270
tile_00071_noise.tif,768,640,256,256,noise
tile_00072.tif,896,640,256,256,none
tile_00072_flipH.tif,896,640,256,256,flipH
tile_00072_flipV.tif,896,640,256,256,flipV
tile_00072_rot90.tif,896,640,256,256,rot90
tile_00072_rot270.tif,896,640,256,256,rot270
tile_00072_noise.tif,896,640,256,256,noise
tile_00073.tif,1024,640,256,256,none
tile_00073_flipH.tif,1024,640,256,256,flipH
tile_00073_flipV.tif,1024,640,256,256,flipV
tile_00073_rot90.tif,1024,640,256,256,rot90
tile_00073_rot270.tif,1024,640,256,256,rot270
tile_00073_noise.tif,1024,640,256,256,noise
tile_00074.tif,1152,640,256,256,none
tile_00074_flipH.tif,1152,640,256,256,flipH
tile_00074_flipV.tif,1152,640,256,256,flipV
tile_00074_rot90.tif,1152,640,256,256,rot90
tile_00074_rot270.tif,1152,640,256,256,rot270
tile_00074_noise.tif,1152,640,256,256,noise
tile_00075.tif,1280,640,256,256,none
tile_00075_flipH.tif,1280,640,256,256,flipH
tile_00075_flipV.tif,1280,640,256,256,flipV
tile_00075_rot90.tif,1280,640,256,256,rot90
tile_00075_rot270.tif,1280,640,256,256,rot270
tile_00075_noise.tif,1280,640,256,256,noise
tile_00076.tif,1408,640,256,256,none
tile_00076_flipH.tif,1408,640,256,256,flipH
tile_00076_flipV.tif,1408,640,256,256,flipV
tile_00076_rot90.tif,1408,640,256,256,rot90
tile_00076_rot270.tif,1408,640,256,256,rot270
tile_00076_noise.tif,1408,640,256,256,noise
tile_00077.tif,1536,640,256,256,none
tile_00077_flipH.tif,1536,640,256,256,flipH
tile_00077_flipV.tif,1536,640,256,256,flipV
tile_00077_rot90.tif,1536,640,256,256,rot90
tile_00077_rot270.tif,1536,640,256,256,rot270
tile_00077_noise.tif,1536,640,256,256,noise
tile_00078.tif,0,768,256,256,none
tile_00078_flipH.tif,0,768,256,256,flipH
tile_00078_flipV.tif,0,768,256,256,flipV
tile_00078_rot90.tif,0,768,256,256,rot90
tile_00078_rot270.tif,0,768,256,256,rot270
tile_00078_noise.tif,0,768,256,256,noise
tile_00079.tif,128,768,256,256,none
tile_00079_flipH.tif,128,768,256,256,flipH
tile_00079_flipV.tif,128,768,256,256,flipV
tile_00079_rot90.tif,128,768,256,256,rot90
tile_00079_rot270.tif,128,768,256,256,rot270
tile_00079_noise.tif,128,768,256,256,noise
tile_00080.tif,256,768,256,256,none
tile_00080_flipH.tif,256,768,256,256,flipH
tile_00080_flipV.tif,256,768,256,256,flipV
tile_00080_rot90.tif,256,768,256,256,rot90
tile_00080_rot270.tif,256,768,256,256,rot270
tile_00080_noise.tif,256,768,256,256,noise
tile_00081.tif,384,768,256,256,none
tile_00081_flipH.tif,384,768,256,256,flipH
tile_00081_flipV.tif,384,768,256,256,flipV
tile_00081_rot90.tif,384,768,256,256,rot90
tile_00081_rot270.tif,384,768,256,256,rot270
tile_00081_noise.tif,384,768,256,256,noise
tile_00082.tif,512,768,256,256,none
tile_00082_flipH.tif,512,768,256,256,flipH
tile_00082_flipV.tif,512,768,256,256,flipV
tile_00082_rot90.tif,512,768,256,256,rot90
tile_00082_rot270.tif,512,768,256,256,rot270
tile_00082_noise.tif,512,768,256,256,noise
tile_00083.tif,640,768,256,256,none
tile_00083_flipH.tif,640,768,256,256,flipH
tile_00083_flipV.tif,640,768,256,256,flipV
tile_00083_rot90.tif,640,768,256,256,rot90
tile_00083_rot270.tif,640,768,256,256,rot270
tile_00083_noise.tif,640,768,256,256,noise
tile_00084.tif,768,768,256,256,none
tile_00084_flipH.tif,768,768,256,256,flipH
tile_00084_flipV.tif,768,768,256,256,flipV
tile_00084_rot90.tif,768,768,256,256,rot90
tile_00084_rot270.tif,768,768,256,256,rot270
tile_00084_noise.tif,768,768,256,256,noise
tile_00085.tif,896,768,256,256,none
tile_00085_flipH.tif,896,768,256,256,flipH
tile_00085_flipV.tif,896,768,256,256,flipV
tile_00085_rot90.tif,896,768,256,256,rot90
tile_00085_rot270.tif,896,768,256,256,rot270
tile_00085_noise.tif,896,768,256,256,noise
tile_00086.tif,1024,768,256,256,none
tile_00086_flipH.tif,1024,768,256,256,flipH
tile_00086_flipV.tif,1024,768,256,256,flipV
tile_00086_rot90.tif,1024,768,256,256,rot90
tile_00086_rot270.tif,1024,768,256,256,rot270
tile_00086_noise.tif,1024,768,256,256,noise
tile_00087.tif,1152,768,256,256,none
tile_00087_flipH.tif,1152,768,256,256,flipH
tile_00087_flipV.tif,1152,768,256,256,flipV
tile_00087_rot90.tif,1152,768,256,256,rot90
tile_00087_rot270.tif,1152,768,256,256,rot270
tile_00087_noise.tif,1152,768,256,256,noise
tile_00088.tif,1280,768,256,256,none
tile_00088_flipH.tif,1280,768,256,256,flipH
tile_00088_flipV.tif,1280,768,256,256,flipV
tile_00088_rot90.tif,1280,768,256,256,rot90
tile_00088_rot270.tif,1280,768,256,256,rot270
tile_00088_noise.tif,1280,768,256,256,noise
tile_00089.tif,1408,768,256,256,none
tile_00089_flipH.tif,1408,768,256,256,flipH
tile_00089_flipV.tif,1408,768,256,256,flipV
tile_00089_rot90.tif,1408,768,256,256,rot90
tile_00089_rot270.tif,1408,768,256,256,rot270
tile_00089_noise.tif,1408,768,256,256,noise
tile_00090.tif,1536,768,256,256,none
tile_00090_flipH.tif,1536,768,256,256,flipH
tile_00090_flipV.tif,1536,768,256,256,flipV
tile_00090_rot90.tif,1536,768,256,256,rot90
tile_00090_rot270.tif,1536,768,256,256,rot270
tile_00090_noise.tif,1536,768,256,256,noise
tile_00091.tif,0,896,256,256,none
tile_00091_flipH.tif,0,896,256,256,flipH
tile_00091_flipV.tif,0,896,256,256,flipV
tile_00091_rot90.tif,0,896,256,256,rot90
tile_00091_rot270.tif,0,896,256,256,rot270
tile_00091_noise.tif,0,896,256,256,noise
tile_00092.tif,128,896,256,256,none
tile_00092_flipH.tif,128,896,256,256,flipH
tile_00092_flipV.tif,128,896,256,256,flipV
tile_00092_rot90.tif,128,896,256,256,rot90
tile_00092_rot270.tif,128,896,256,256,rot270
tile_00092_noise.tif,128,896,256,256,noise
tile_00093.tif,256,896,256,256,none
tile_00093_flipH.tif,256,896,256,256,flipH
tile_00093_flipV.tif,256,896,256,256,flipV
tile_00093_rot90.tif,256,896,256,256,rot90
tile_00093_rot270.tif,256,896,256,256,rot270
tile_00093_noise.tif,256,896,256,256,noise
tile_00094.tif,384,896,256,256,none
tile_00094_flipH.tif,384,896,256,256,flipH
tile_00094_flipV.tif,384,896,256,256,flipV
tile_00094_rot90.tif,384,896,256,256,rot90
tile_00094_rot270.tif,384,896,256,256,rot270
tile_00094_noise.tif,384,896,256,256,noise
tile_00095.tif,512,896,256,256,none
tile_00095_flipH.tif,512,896,256,256,flipH
tile_00095_flipV.tif,512,896,256,256,flipV
tile_00095_rot90.tif,512,896,256,256,rot90
tile_00095_rot270.tif,512,896,256,256,rot270
tile_00095_noise.tif,512,896,256,256,noise
tile_00096.tif,640,896,256,256,none
tile_00096_flipH.tif,640,896,256,256,flipH
tile_00096_flipV.tif,640,896,256,256,flipV
tile_00096_rot90.tif,640,896,256,256,rot90
tile_00096_rot270.tif,640,896,256,256,rot270
tile_00096_noise.tif,640,896,256,256,noise
tile_00097.tif,768,896,256,256,none
tile_00097_flipH.tif,768,896,256,256,flipH
tile_00097_flipV.tif,768,896,256,256,flipV
tile_00097_rot90.tif,768,896,256,256,rot90
tile_00097_rot270.tif,768,896,256,256,rot270
tile_00097_noise.tif,768,896,256,256,noise
tile_00098.tif,896,896,256,256,none
tile_00098_flipH.tif,896,896,256,256,flipH
tile_00098_flipV.tif,896,896,256,256,flipV
tile_00098_rot90.tif,896,896,256,256,rot90
tile_00098_rot270.tif,896,896,256,256,rot270
tile_00098_noise.tif,896,896,256,256,noise
tile_00099.tif,1024,896,256,256,none
tile_00099_flipH.tif,1024,896,256,256,flipH
tile_00099_flipV.tif,1024,896,256,256,flipV
tile_00099_rot90.tif,1024,896,256,256,rot90
tile_00099_rot270.tif,1024,896,256,256,rot270
tile_00099_noise.tif,1024,896,256,256,noise
tile_00100.tif,1152,896,256,256,none
tile_00100_flipH.tif,1152,896,256,256,flipH
tile_00100_flipV.tif,1152,896,256,256,flipV
tile_00100_rot90.tif,1152,896,256,256,rot90
tile_00100_rot270.tif,1152,896,256,256,rot270
tile_00100_noise.tif,1152,896,256,256,noise
tile_00101.tif,1280,896,256,256,none
tile_00101_flipH.tif,1280,896,256,256,flipH
tile_00101_flipV.tif,1280,896,256,256,flipV
tile_00101_rot90.tif,1280,896,256,256,rot90
tile_00101_rot270.tif,1280,896,256,256,rot270
tile_00101_noise.tif,1280,896,256,256,noise
tile_00102.tif,1408,896,256,256,none
tile_00102_flipH.tif,1408,896,256,256,flipH
tile_00102_flipV.tif,1408,896,256,256,flipV
tile_00102_rot90.tif,1408,896,256,256,rot90
tile_00102_rot270.tif,1408,896,256,256,rot270
tile_00102_noise.tif,1408,896,256,256,noise
tile_00103.tif,1536,896,256,256,none
tile_00103_flipH.tif,1536,896,256,256,flipH
tile_00103_flipV.tif,1536,896,256,256,flipV
tile_00103_rot90.tif,1536,896,256,256,rot90
tile_00103_rot270.tif,1536,896,256,256,rot270
tile_00103_noise.tif,1536,896,256,256,noise
tile_00104.tif,0,1024,256,256,none
tile_00104_flipH.tif,0,1024,256,256,flipH
tile_00104_flipV.tif,0,1024,256,256,flipV
tile_00104_rot90.tif,0,1024,256,256,rot90
tile_00104_rot270.tif,0,1024,256,256,rot270
tile_00104_noise.tif,0,1024,256,256,noise
tile_00105.tif,128,1024,256,256,none
tile_00105_flipH.tif,128,1024,256,256,flipH
tile_00105_flipV.tif,128,1024,256,256,flipV
tile_00105_rot90.tif,128,1024,256,256,rot90
tile_00105_rot270.tif,128,1024,256,256,rot270
tile_00105_noise.tif,128,1024,256,256,noise
tile_00106.tif,256,1024,256,256,none
tile_00106_flipH.tif,256,1024,256,256,flipH
tile_00106_flipV.tif,256,1024,256,256,flipV
tile_00106_rot90.tif,256,1024,256,256,rot90
tile_00106_rot270.tif,256,1024,256,256,rot270
tile_00106_noise.tif,256,1024,256,256,noise
tile_00107.tif,384,1024,256,256,none
tile_00107_flipH.tif,384,1024,256,256,flipH
tile_00107_flipV.tif,384,1024,256,256,flipV
tile_00107_rot90.tif,384,1024,256,256,rot90
tile_00107_rot270.tif,384,1024,256,256,rot270
tile_00107_noise.tif,384,1024,256,256,noise
tile_00108.tif,512,1024,256,256,none
tile_00108_flipH.tif,512,1024,256,256,flipH
tile_00108_flipV.tif,512,1024,256,256,flipV
tile_00108_rot90.tif,512,1024,256,256,rot90
tile_00108_rot270.tif,512,1024,256,256,rot270
tile_00108_noise.tif,512,1024,256,256,noise
tile_00109.tif,640,1024,256,256,none
tile_00109_flipH.tif,640,1024,256,256,flipH
tile_00109_flipV.tif,640,1024,256,256,flipV
tile_00109_rot90.tif,640,1024,256,256,rot90
tile_00109_rot270.tif,640,1024,256,256,rot270
tile_00109_noise.tif,640,1024,256,256,noise
tile_00110.tif,768,1024,256,256,none
tile_00110_flipH.tif,768,1024,256,256,flipH
tile_00110_flipV.tif,768,1024,256,256,flipV
tile_00110_rot90.tif,768,1024,256,256,rot90
tile_00110_rot270.tif,768,1024,256,256,rot270
tile_00110_noise.tif,768,1024,256,256,noise
tile_00111.tif,896,1024,256,256,none
tile_00111_flipH.tif,896,1024,256,256,flipH
tile_00111_flipV.tif,896,1024,256,256,flipV
tile_00111_rot90.tif,896,1024,256,256,rot90
tile_00111_rot270.tif,896,1024,256,256,rot270
tile_00111_noise.tif,896,1024,256,256,noise
tile_00112.tif,1024,1024,256,256,none
tile_00112_flipH.tif,1024,1024,256,256,flipH
tile_00112_flipV.tif,1024,1024,256,256,flipV
tile_00112_rot90.tif,1024,1024,256,256,rot90
tile_00112_rot270.tif,1024,1024,256,256,rot270
tile_00112_noise.tif,1024,1024,256,256,noise
tile_00113.tif,1152,1024,256,256,none
tile_00113_flipH.tif,1152,1024,256,256,flipH
tile_00113_flipV.tif,1152,1024,256,256,flipV
tile_00113_rot90.tif,1152,1024,256,256,rot90
tile_00113_rot270.tif,1152,1024,256,256,rot270
tile_00113_noise.tif,1152,1024,256,256,noise
tile_00114.tif,1280,1024,256,256,none
tile_00114_flipH.tif,1280,1024,256,256,flipH
tile_00114_flipV.tif,1280,1024,256,256,flipV
tile_00114_rot90.tif,1280,1024,256,256,rot90
tile_00114_rot270.tif,1280,1024,256,256,rot270
tile_00114_noise.tif,1280,1024,256,256,noise
tile_00115.tif,1408,1024,256,256,none
tile_00115_flipH.tif,1408,1024,256,256,flipH
tile_00115_flipV.tif,1408,1024,256,256,flipV
tile_00115_rot90.tif,1408,1024,256,256,rot90
tile_00115_rot270.tif,1408,1024,256,256,rot270
tile_00115_noise.tif,1408,1024,256,256,noise
tile_00116.tif,1536,1024,256,256,none
tile_00116_flipH.tif,1536,1024,256,256,flipH
tile_00116_flipV.tif,1536,1024,256,256,flipV
tile_00116_rot90.tif,1536,1024,256,256,rot90
tile_00116_rot270.tif,1536,1024,256,256,rot270
tile_00116_noise.tif,1536,1024,256,256,noise
tile_00117.tif,0,1152,256,256,none
tile_00117_flipH.tif,0,1152,256,256,flipH
tile_00117_flipV.tif,0,1152,256,256,flipV
tile_00117_rot90.tif,0,1152,256,256,rot90
tile_00117_rot270.tif,0,1152,256,256,rot270
tile_00117_noise.tif,0,1152,256,256,noise
tile_00118.tif,128,1152,256,256,none
tile_00118_flipH.tif,128,1152,256,256,flipH
tile_00118_flipV.tif,128,1152,256,256,flipV
tile_00118_rot90.tif,128,1152,256,256,rot90
tile_00118_rot270.tif,128,1152,256,256,rot270
tile_00118_noise.tif,128,1152,256,256,noise
tile_00119.tif,256,1152,256,256,none
tile_00119_flipH.tif,256,1152,256,256,flipH
tile_00119_flipV.tif,256,1152,256,256,flipV
tile_00119_rot90.tif,256,1152,256,256,rot90
tile_00119_rot270.tif,256,1152,256,256,rot270
tile_00119_noise.tif,256,1152,256,256,noise
tile_00120.tif,384,1152,256,256,none
tile_00120_flipH.tif,384,1152,256,256,flipH
tile_00120_flipV.tif,384,1152,256,256,flipV
tile_00120_rot90.tif,384,1152,256,256,rot90
tile_00120_rot270.tif,384,1152,256,256,rot270
tile_00120_noise.tif,384,1152,256,256,noise
tile_00121.tif,512,1152,256,256,none
tile_00121_flipH.tif,512,1152,256,256,flipH
tile_00121_flipV.tif,512,1152,256,256,flipV
tile_00121_rot90.tif,512,1152,256,256,rot90
tile_00121_rot270.tif,512,1152,256,256,rot270
tile_00121_noise.tif,512,1152,256,256,noise
tile_00122.tif,640,1152,256,256,none
tile_00122_flipH.tif,640,1152,256,256,flipH
tile_00122_flipV.tif,640,1152,256,256,flipV
tile_00122_rot90.tif,640,1152,256,256,rot90
tile_00122_rot270.tif,640,1152,256,256,rot270
tile_00122_noise.tif,640,1152,256,256,noise
tile_00123.tif,768,1152,256,256,none
tile_00123_flipH.tif,768,1152,256,256,flipH
tile_00123_flipV.tif,768,1152,256,256,flipV
tile_00123_rot90.tif,768,1152,256,256,rot90
tile_00123_rot270.tif,768,1152,256,256,rot270
tile_00123_noise.tif,768,1152,256,256,noise
tile_00124.tif,896,1152,256,256,none
tile_00124_flipH.tif,896,1152,256,256,flipH
tile_00124_flipV.tif,896,1152,256,256,flipV
tile_00124_rot90.tif,896,1152,256,256,rot90
tile_00124_rot270.tif,896,1152,256,256,rot270
tile_00124_noise.tif,896,1152,256,256,noise
tile_00125.tif,1024,1152,256,256,none
tile_00125_flipH.tif,1024,1152,256,256,flipH
tile_00125_flipV.tif,1024,1152,256,256,flipV
tile_00125_rot90.tif,1024,1152,256,256,rot90
tile_00125_rot270.tif,1024,1152,256,256,rot270
tile_00125_noise.tif,1024,1152,256,256,noise
tile_00126.tif,1152,1152,256,256,none
tile_00126_flipH.tif,1152,1152,256,256,flipH
tile_00126_flipV.tif,1152,1152,256,256,flipV
tile_00126_rot90.tif,1152,1152,256,256,rot90
tile_00126_rot270.tif,1152,1152,256,256,rot270
tile_00126_noise.tif,1152,1152,256,256,noise
tile_00127.tif,1280,1152,256,256,none
tile_00127_flipH.tif,1280,1152,256,256,flipH
tile_00127_flipV.tif,1280,1152,256,256,flipV
tile_00127_rot90.tif,1280,1152,256,256,rot90
tile_00127_rot270.tif,1280,1152,256,256,rot270
tile_00127_noise.tif,1280,1152,256,256,noise
tile_00128.tif,1408,1152,256,256,none
tile_00128_flipH.tif,1408,1152,256,256,flipH
tile_00128_flipV.tif,1408,1152,256,256,flipV
tile_00128_rot90.tif,1408,1152,256,256,rot90
tile_00128_rot270.tif,1408,1152,256,256,rot270
tile_00128_noise.tif,1408,1152,256,256,noise
tile_00129.tif,1536,1152,256,256,none
tile_00129_flipH.tif,1536,1152,256,256,flipH
tile_00129_flipV.tif,1536,1152,256,256,flipV
tile_00129_rot90.tif,1536,1152,256,256,rot90
tile_00129_rot270.tif,1536,1152,256,256,rot270
tile_00129_noise.tif,1536,1152,256,256,noise
tile_00130.tif,0,1280,256,256,none
tile_00130_flipH.tif,0,1280,256,256,flipH
tile_00130_flipV.tif,0,1280,256,256,flipV
tile_00130_rot90.tif,0,1280,256,256,rot90
tile_00130_rot270.tif,0,1280,256,256,rot270
tile_00130_noise.tif,0,1280,256,256,noise
tile_00131.tif,128,1280,256,256,none
tile_00131_flipH.tif,128,1280,256,256,flipH
tile_00131_flipV.tif,128,1280,256,256,flipV
tile_00131_rot90.tif,128,1280,256,256,rot90
tile_00131_rot270.tif,128,1280,256,256,rot270
tile_00131_noise.tif,128,1280,256,256,noise
tile_00132.tif,256,1280,256,256,none
tile_00132_flipH.tif,256,1280,256,256,flipH
tile_00132_flipV.tif,256,1280,256,256,flipV
tile_00132_rot90.tif,256,1280,256,256,rot90
tile_00132_rot270.tif,256,1280,256,256,rot270
tile_00132_noise.tif,256,1280,256,256,noise
tile_00133.tif,384,1280,256,256,none
tile_00133_flipH.tif,384,1280,256,256,flipH
tile_00133_flipV.tif,384,1280,256,256,flipV
tile_00133_rot90.tif,384,1280,256,256,rot90
tile_00133_rot270.tif,384,1280,256,256,rot270
tile_00133_noise.tif,384,1280,256,256,noise
tile_00134.tif,512,1280,256,256,none
tile_00134_flipH.tif,512,1280,256,256,flipH
tile_00134_flipV.tif,512,1280,256,256,flipV
tile_00134_rot90.tif,512,1280,256,256,rot90
tile_00134_rot270.tif,512,1280,256,256,rot270
tile_00134_noise.tif,512,1280,256,256,noise
tile_00135.tif,640,1280,256,256,none
tile_00135_flipH.tif,640,1280,256,256,flipH
tile_00135_flipV.tif,640,1280,256,256,flipV
tile_00135_rot90.tif,640,1280,256,256,rot90
tile_00135_rot270.tif,640,1280,256,256,rot270
tile_00135_noise.tif,640,1280,256,256,noise
tile_00136.tif,768,1280,256,256,none
tile_00136_flipH.tif,768,1280,256,256,flipH
tile_00136_flipV.tif,768,1280,256,256,flipV
tile_00136_rot90.tif,768,1280,256,256,rot90
tile_00136_rot270.tif,768,1280,256,256,rot270
tile_00136_noise.tif,768,1280,256,256,noise
tile_00137.tif,896,1280,256,256,none
tile_00137_flipH.tif,896,1280,256,256,flipH
tile_00137_flipV.tif,896,1280,256,256,flipV
tile_00137_rot90.tif,896,1280,256,256,rot90
tile_00137_rot270.tif,896,1280,256,256,rot270
tile_00137_noise.tif,896,1280,256,256,noise
tile_00138.tif,1024,1280,256,256,none
tile_00138_flipH.tif,1024,1280,256,256,flipH
tile_00138_flipV.tif,1024,1280,256,256,flipV
tile_00138_rot90.tif,1024,1280,256,256,rot90
tile_00138_rot270.tif,1024,1280,256,256,rot270
tile_00138_noise.tif,1024,1280,256,256,noise
tile_00139.tif,1152,1280,256,256,none
tile_00139_flipH.tif,1152,1280,256,256,flipH
tile_00139_flipV.tif,1152,1280,256,256,flipV
tile_00139_rot90.tif,1152,1280,256,256,rot90
tile_00139_rot270.tif,1152,1280,256,256,rot270
tile_00139_noise.tif,1152,1280,256,256,noise
tile_00140.tif,1280,1280,256,256,none
tile_00140_flipH.tif,1280,1280,256,256,flipH
tile_00140_flipV.tif,1280,1280,256,256,flipV
tile_00140_rot90.tif,1280,1280,256,256,rot90
tile_00140_rot270.tif,1280,1280,256,256,rot270
tile_00140_noise.tif,1280,1280,256,256,noise
tile_00141.tif,1408,1280,256,256,none
tile_00141_flipH.tif,1408,1280,256,256,flipH
tile_00141_flipV.tif,1408,1280,256,256,flipV
tile_00141_rot90.tif,1408,1280,256,256,rot90
tile_00141_rot270.tif,1408,1280,256,256,rot270
tile_00141_noise.tif,1408,1280,256,256,noise
tile_00142.tif,1536,1280,256,256,none
tile_00142_flipH.tif,1536,1280,256,256,flipH
tile_00142_flipV.tif,1536,1280,256,256,flipV
tile_00142_rot90.tif,1536,1280,256,256,rot90
tile_00142_rot270.tif,1536,1280,256,256,rot270
tile_00142_noise.tif,1536,1280,256,256,noise
tile_00143.tif,0,1408,256,256,none
tile_00143_flipH.tif,0,1408,256,256,flipH
tile_00143_flipV.tif,0,1408,256,256,flipV
tile_00143_rot90.tif,0,1408,256,256,rot90
tile_00143_rot270.tif,0,1408,256,256,rot270
tile_00143_noise.tif,0,1408,256,256,noise
tile_00144.tif,128,1408,256,256,none
tile_00144_flipH.tif,128,1408,256,256,flipH
tile_00144_flipV.tif,128,1408,256,256,flipV
tile_00144_rot90.tif,128,1408,256,256,rot90
tile_00144_rot270.tif,128,1408,256,256,rot270
tile_00144_noise.tif,128,1408,256,256,noise
tile_00145.tif,256,1408,256,256,none
tile_00145_flipH.tif,256,1408,256,256,flipH
tile_00145_flipV.tif,256,1408,256,256,flipV
tile_00145_rot90.tif,256,1408,256,256,rot90
tile_00145_rot270.tif,256,1408,256,256,rot270
tile_00145_noise.tif,256,1408,256,256,noise
tile_00146.tif,384,1408,256,256,none
tile_00146_flipH.tif,384,1408,256,256,flipH
tile_00146_flipV.tif,384,1408,256,256,flipV
tile_00146_rot90.tif,384,1408,256,256,rot90
tile_00146_rot270.tif,384,1408,256,256,rot270
tile_00146_noise.tif,384,1408,256,256,noise
tile_00147.tif,512,1408,256,256,none
tile_00147_flipH.tif,512,1408,256,256,flipH
tile_00147_flipV.tif,512,1408,256,256,flipV
tile_00147_rot90.tif,512,1408,256,256,rot90
tile_00147_rot270.tif,512,1408,256,256,rot270
tile_00147_noise.tif,512,1408,256,256,noise
tile_00148.tif,640,1408,256,256,none
tile_00148_flipH.tif,640,1408,256,256,flipH
tile_00148_flipV.tif,640,1408,256,256,flipV
tile_00148_rot90.tif,640,1408,256,256,rot90
tile_00148_rot270.tif,640,1408,256,256,rot270
tile_00148_noise.tif,640,1408,256,256,noise
tile_00149.tif,768,1408,256,256,none
tile_00149_flipH.tif,768,1408,256,256,flipH
tile_00149_flipV.tif,768,1408,256,256,flipV
tile_00149_rot90.tif,768,1408,256,256,rot90
tile_00149_rot270.tif,768,1408,256,256,rot270
tile_00149_noise.tif,768,1408,256,256,noise
tile_00150.tif,896,1408,256,256,none
tile_00150_flipH.tif,896,1408,256,256,flipH
tile_00150_flipV.tif,896,1408,256,256,flipV
tile_00150_rot90.tif,896,1408,256,256,rot90
tile_00150_rot270.tif,896,1408,256,256,rot270
tile_00150_noise.tif,896,1408,256,256,noise
tile_00151.tif,1024,1408,256,256,none
tile_00151_flipH.tif,1024,1408,256,256,flipH
tile_00151_flipV.tif,1024,1408,256,256,flipV
tile_00151_rot90.tif,1024,1408,256,256,rot90
tile_00151_rot270.tif,1024,1408,256,256,rot270
tile_00151_noise.tif,1024,1408,256,256,noise
tile_00152.tif,1152,1408,256,256,none
tile_00152_flipH.tif,1152,1408,256,256,flipH
tile_00152_flipV.tif,1152,1408,256,256,flipV
tile_00152_rot90.tif,1152,1408,256,256,rot90
tile_00152_rot270.tif,1152,1408,256,256,rot270
tile_00152_noise.tif,1152,1408,256,256,noise
tile_00153.tif,1280,1408,256,256,none
tile_00153_flipH.tif,1280,1408,256,256,flipH
tile_00153_flipV.tif,1280,1408,256,256,flipV
tile_00153_rot90.tif,1280,1408,256,256,rot90
tile_00153_rot270.tif,1280,1408,256,256,rot270
tile_00153_noise.tif,1280,1408,256,256,noise
tile_00154.tif,1408,1408,256,256,none
tile_00154_flipH.tif,1408,1408,256,256,flipH
tile_00154_flipV.tif,1408,1408,256,256,flipV
tile_00154_rot90.tif,1408,1408,256,256,rot90
tile_00154_rot270.tif,1408,1408,256,256,rot270
tile_00154_noise.tif,1408,1408,256,256,noise
tile_00155.tif,1536,1408,256,256,none
tile_00155_flipH.tif,1536,1408,256,256,flipH
tile_00155_flipV.tif,1536,1408,256,256,flipV
tile_00155_rot90.tif,1536,1408,256,256,rot90
tile_00155_rot270.tif,1536,1408,256,256,rot270
tile_00155_noise.tif,1536,1408,256,256,noise
tile_00156.tif,0,1536,256,256,none
tile_00156_flipH.tif,0,1536,256,256,flipH
tile_00156_flipV.tif,0,1536,256,256,flipV
tile_00156_rot90.tif,0,1536,256,256,rot90
tile_00156_rot270.tif,0,1536,256,256,rot270
tile_00156_noise.tif,0,1536,256,256,noise
tile_00157.tif,128,1536,256,256,none
tile_00157_flipH.tif,128,1536,256,256,flipH
tile_00157_flipV.tif,128,1536,256,256,flipV
tile_00157_rot90.tif,128,1536,256,256,rot90
tile_00157_rot270.tif,128,1536,256,256,rot270
tile_00157_noise.tif,128,1536,256,256,noise
tile_00158.tif,256,1536,256,256,none
tile_00158_flipH.tif,256,1536,256,256,flipH
tile_00158_flipV.tif,256,1536,256,256,flipV
tile_00158_rot90.tif,256,1536,256,256,rot90
tile_00158_rot270.tif,256,1536,256,256,rot270
tile_00158_noise.tif,256,1536,256,256,noise
tile_00159.tif,384,1536,256,256,none
tile_00159_flipH.tif,384,1536,256,256,flipH
tile_00159_flipV.tif,384,1536,256,256,flipV
tile_00159_rot90.tif,384,1536,256,256,rot90
tile_00159_rot270.tif,384,1536,256,256,rot270
tile_00159_noise.tif,384,1536,256,256,noise
tile_00160.tif,512,1536,256,256,none
tile_00160_flipH.tif,512,1536,256,256,flipH
tile_00160_flipV.tif,512,1536,256,256,flipV
tile_00160_rot90.tif,512,1536,256,256,rot90
tile_00160_rot270.tif,512,1536,256,256,rot270
tile_00160_noise.tif,512,1536,256,256,noise
tile_00161.tif,640,1536,256,256,none
tile_00161_flipH.tif,640,1536,256,256,flipH
tile_00161_flipV.tif,640,1536,256,256,flipV
tile_00161_rot90.tif,640,1536,256,256,rot90
tile_00161_rot270.tif,640,1536,256,256,rot270
tile_00161_noise.tif,640,1536,256,256,noise
tile_00162.tif,768,1536,256,256,none
tile_00162_flipH.tif,768,1536,256,256,flipH
tile_00162_flipV.tif,768,1536,256,256,flipV
tile_00162_rot90.tif,768,1536,256,256,rot90
tile_00162_rot270.tif,768,1536,256,256,rot270
tile_00162_noise.tif,768,1536,256,256,noise
tile_00163.tif,896,1536,256,256,none
tile_00163_flipH.tif,896,1536,256,256,flipH
tile_00163_flipV.tif,896,1536,256,256,flipV
tile_00163_rot90.tif,896,1536,256,256,rot90
tile_00163_rot270.tif,896,1536,256,256,rot270
tile_00163_noise.tif,896,1536,256,256,noise
tile_00164.tif,1024,1536,256,256,none
tile_00164_flipH.tif,1024,1536,256,256,flipH
tile_00164_flipV.tif,1024,1536,256,256,flipV
tile_00164_rot90.tif,1024,1536,256,256,rot90
tile_00164_rot270.tif,1024,1536,256,256,rot270
tile_00164_noise.tif,1024,1536,256,256,noise
tile_00165.tif,1152,1536,256,256,none
tile_00165_flipH.tif,1152,1536,256,256,flipH
tile_00165_flipV.tif,1152,1536,256,256,flipV
tile_00165_rot90.tif,1152,1536,256,256,rot90
tile_00165_rot270.tif,1152,1536,256,256,rot270
tile_00165_noise.tif,1152,1536,256,256,noise
tile_00166.tif,1280,1536,256,256,none
tile_00166_flipH.tif,1280,1536,256,256,flipH
tile_00166_flipV.tif,1280,1536,256,256,flipV
tile_00166_rot90.tif,1280,1536,256,256,rot90
tile_00166_rot270.tif,1280,1536,256,256,rot270
tile_00166_noise.tif,1280,1536,256,256,noise
tile_00167.tif,1408,1536,256,256,none
tile_00167_flipH.tif,1408,1536,256,256,flipH
tile_00167_flipV.tif,1408,1536,256,256,flipV
tile_00167_rot90.tif,1408,1536,256,256,rot90
tile_00167_rot270.tif,1408,1536,256,256,rot270
tile_00167_noise.tif,1408,1536,256,256,noise
tile_00168.tif,1536,1536,256,256,none
tile_00168_flipH.tif,1536,1536,256,256,flipH
tile_00168_flipV.tif,1536,1536,256,256,flipV
tile_00168_rot90.tif,1536,1536,256,256,rot90
tile_00168_rot270.tif,1536,1536,256,256,rot270
tile_00168_noise.tif,1536,1536,256,256,noise
tile_00169.tif,0,1664,256,256,none
tile_00169_flipH.tif,0,1664,256,256,flipH
tile_00169_flipV.tif,0,1664,256,256,flipV
tile_00169_rot90.tif,0,1664,256,256,rot90
tile_00169_rot270.tif,0,1664,256,256,rot270
tile_00169_noise.tif,0,1664,256,256,noise
tile_00170.tif,128,1664,256,256,none
tile_00170_flipH.tif,128,1664,256,256,flipH
tile_00170_flipV.tif,128,1664,256,256,flipV
tile_00170_rot90.tif,128,1664,256,256,rot90
tile_00170_rot270.tif,128,1664,256,256,rot270
tile_00170_noise.tif,128,1664,256,256,noise
tile_00171.tif,256,1664,256,256,none
tile_00171_flipH.tif,256,1664,256,256,flipH
tile_00171_flipV.tif,256,1664,256,256,flipV
tile_00171_rot90.tif,256,1664,256,256,rot90
tile_00171_rot270.tif,256,1664,256,256,rot270
tile_00171_noise.tif,256,1664,256,256,noise
tile_00172.tif,384,1664,256,256,none
tile_00172_flipH.tif,384,1664,256,256,flipH
tile_00172_flipV.tif,384,1664,256,256,flipV
tile_00172_rot90.tif,384,1664,256,256,rot90
tile_00172_rot270.tif,384,1664,256,256,rot270
tile_00172_noise.tif,384,1664,256,256,noise
tile_00173.tif,512,1664,256,256,none
tile_00173_flipH.tif,512,1664,256,256,flipH
tile_00173_flipV.tif,512,1664,256,256,flipV
tile_00173_rot90.tif,512,1664,256,256,rot90
tile_00173_rot270.tif,512,1664,256,256,rot270
tile_00173_noise.tif,512,1664,256,256,noise
tile_00174.tif,640,1664,256,256,none
tile_00174_flipH.tif,640,1664,256,256,flipH
tile_00174_flipV.tif,640,1664,256,256,flipV
tile_00174_rot90.tif,640,1664,256,256,rot90
tile_00174_rot270.tif,640,1664,256,256,rot270
tile_00174_noise.tif,640,1664,256,256,noise
tile_00175.tif,768,1664,256,256,none
tile_00175_flipH.tif,768,1664,256,256,flipH
tile_00175_flipV.tif,768,1664,256,256,flipV
tile_00175_rot90.tif,768,1664,256,256,rot90
tile_00175_rot270.tif,768,1664,256,256,rot270
tile_00175_noise.tif,768,1664,256,256,noise
tile_00176.tif,896,1664,256,256,none
tile_00176_flipH.tif,896,1664,256,256,flipH
tile_00176_flipV.tif,896,1664,256,256,flipV
tile_00176_rot90.tif,896,1664,256,256,rot90
tile_00176_rot270.tif,896,1664,256,256,rot270
tile_00176_noise.tif,896,1664,256,256,noise
tile_00177.tif,1024,1664,256,256,none
tile_00177_flipH.tif,1024,1664,256,256,flipH
tile_00177_flipV.tif,1024,1664,256,256,flipV
tile_00177_rot90.tif,1024,1664,256,256,rot90
tile_00177_rot270.tif,1024,1664,256,256,rot270
tile_00177_noise.tif,1024,1664,256,256,noise
tile_00178.tif,1152,1664,256,256,none
tile_00178_flipH.tif,1152,1664,256,256,flipH
tile_00178_flipV.tif,1152,1664,256,256,flipV
tile_00178_rot90.tif,1152,1664,256,256,rot90
tile_00178_rot270.tif,1152,1664,256,256,rot270
tile_00178_noise.tif,1152,1664,256,256,noise
tile_00179.tif,1280,1664,256,256,none
tile_00179_flipH.tif,1280,1664,256,256,flipH
tile_00179_flipV.tif,1280,1664,256,256,flipV
tile_00179_rot90.tif,1280,1664,256,256,rot90
tile_00179_rot270.tif,1280,1664,256,256,rot270
tile_00179_noise.tif,1280,1664,256,256,noise
tile_00180.tif,1408,1664,256,256,none
tile_00180_flipH.tif,1408,1664,256,256,flipH
tile_00180_flipV.tif,1408,1664,256,256,flipV
tile_00180_rot90.tif,1408,1664,256,256,rot90
tile_00180_rot270.tif,1408,1664,256,256,rot270
tile_00180_noise.tif,1408,1664,256,256,noise
tile_00181.tif,1536,1664,256,256,none
tile_00181_flipH.tif,1536,1664,256,256,flipH
tile_00181_flipV.tif,1536,1664,256,256,flipV
tile_00181_rot90.tif,1536,1664,256,256,rot90
tile_00181_rot270.tif,1536,1664,256,256,rot270
tile_00181_noise.tif,1536,1664,256,256,noise
tile_00182.tif,0,1792,256,256,none
tile_00182_flipH.tif,0,1792,256,256,flipH
tile_00182_flipV.tif,0,1792,256,256,flipV
tile_00182_rot90.tif,0,1792,256,256,rot90
tile_00182_rot270.tif,0,1792,256,256,rot270
tile_00182_noise.tif,0,1792,256,256,noise
tile_00183.tif,128,1792,256,256,none
tile_00183_flipH.tif,128,1792,256,256,flipH
tile_00183_flipV.tif,128,1792,256,256,flipV
tile_00183_rot90.tif,128,1792,256,256,rot90
tile_00183_rot270.tif,128,1792,256,256,rot270
tile_00183_noise.tif,128,1792,256,256,noise
tile_00184.tif,256,1792,256,256,none
tile_00184_flipH.tif,256,1792,256,256,flipH
tile_00184_flipV.tif,256,1792,256,256,flipV
tile_00184_rot90.tif,256,1792,256,256,rot90
tile_00184_rot270.tif,256,1792,256,256,rot270
tile_00184_noise.tif,256,1792,256,256,noise
tile_00185.tif,384,1792,256,256,none
tile_00185_flipH.tif,384,1792,256,256,flipH
tile_00185_flipV.tif,384,1792,256,256,flipV
tile_00185_rot90.tif,384,1792,256,256,rot90
tile_00185_rot270.tif,384,1792,256,256,rot270
tile_00185_noise.tif,384,1792,256,256,noise
tile_00186.tif,512,1792,256,256,none
tile_00186_flipH.tif,512,1792,256,256,flipH
tile_00186_flipV.tif,512,1792,256,256,flipV
tile_00186_rot90.tif,512,1792,256,256,rot90
tile_00186_rot270.tif,512,1792,256,256,rot270
tile_00186_noise.tif,512,1792,256,256,noise
tile_00187.tif,640,1792,256,256,none
tile_00187_flipH.tif,640,1792,256,256,flipH
tile_00187_flipV.tif,640,1792,256,256,flipV
tile_00187_rot90.tif,640,1792,256,256,rot90
tile_00187_rot270.tif,640,1792,256,256,rot270
tile_00187_noise.tif,640,1792,256,256,noise
tile_00188.tif,768,1792,256,256,none
tile_00188_flipH.tif,768,1792,256,256,flipH
tile_00188_flipV.tif,768,1792,256,256,flipV
tile_00188_rot90.tif,768,1792,256,256,rot90
tile_00188_rot270.tif,768,1792,256,256,rot270
tile_00188_noise.tif,768,1792,256,256,noise
tile_00189.tif,896,1792,256,256,none
tile_00189_flipH.tif,896,1792,256,256,flipH
tile_00189_flipV.tif,896,1792,256,256,flipV
tile_00189_rot90.tif,896,1792,256,256,rot90
tile_00189_rot270.tif,896,1792,256,256,rot270
tile_00189_noise.tif,896,1792,256,256,noise
tile_00190.tif,1024,1792,256,256,none
tile_00190_flipH.tif,1024,1792,256,256,flipH
tile_00190_flipV.tif,1024,1792,256,256,flipV
tile_00190_rot90.tif,1024,1792,256,256,rot90
tile_00190_rot270.tif,1024,1792,256,256,rot270
tile_00190_noise.tif,1024,1792,256,256,noise
tile_00191.tif,1152,1792,256,256,none
tile_00191_flipH.tif,1152,1792,256,256,flipH
tile_00191_flipV.tif,1152,1792,256,256,flipV
tile_00191_rot90.tif,1152,1792,256,256,rot90
tile_00191_rot270.tif,1152,1792,256,256,rot270
tile_00191_noise.tif,1152,1792,256,256,noise
tile_00192.tif,1280,1792,256,256,none
tile_00192_flipH.tif,1280,1792,256,256,flipH
tile_00192_flipV.tif,1280,1792,256,256,flipV
tile_00192_rot90.tif,1280,1792,256,256,rot90
tile_00192_rot270.tif,1280,1792,256,256,rot270
tile_00192_noise.tif,1280,1792,256,256,noise
tile_00193.tif,1408,1792,256,256,none
tile_00193_flipH.tif,1408,1792,256,256,flipH
tile_00193_flipV.tif,1408,1792,256,256,flipV
tile_00193_rot90.tif,1408,1792,256,256,rot90
tile_00193_rot270.tif,1408,1792,256,256,rot270
tile_00193_noise.tif,1408,1792,256,256,noise
tile_00194.tif,1536,1792,256,256,none
tile_00194_flipH.tif,1536,1792,256,256,flipH
tile_00194_flipV.tif,1536,1792,256,256,flipV
tile_00194_rot90.tif,1536,1792,256,256,rot90
tile_00194_rot270.tif,1536,1792,256,256,rot270
tile_00194_noise.tif,1536,1792,256,256,noise
tile_00195.tif,0,1920,256,256,none
tile_00195_flipH.tif,0,1920,256,256,flipH
tile_00195_flipV.tif,0,1920,256,256,flipV
tile_00195_rot90.tif,0,1920,256,256,rot90
tile_00195_rot270.tif,0,1920,256,256,rot270
tile_00195_noise.tif,0,1920,256,256,noise
tile_00196.tif,128,1920,256,256,none
tile_00196_flipH.tif,128,1920,256,256,flipH
tile_00196_flipV.tif,128,1920,256,256,flipV
tile_00196_rot90.tif,128,1920,256,256,rot90
tile_00196_rot270.tif,128,1920,256,256,rot270
tile_00196_noise.tif,128,1920,256,256,noise
tile_00197.tif,256,1920,256,256,none
tile_00197_flipH.tif,256,1920,256,256,flipH
tile_00197_flipV.tif,256,1920,256,256,flipV
tile_00197_rot90.tif,256,1920,256,256,rot90
tile_00197_rot270.tif,256,1920,256,256,rot270
tile_00197_noise.tif,256,1920,256,256,noise
tile_00198.tif,384,1920,256,256,none
tile_00198_flipH.tif,384,1920,256,256,flipH
tile_00198_flipV.tif,384,1920,256,256,flipV
tile_00198_rot90.tif,384,1920,256,256,rot90
tile_00198_rot270.tif,384,1920,256,256,rot270
tile_00198_noise.tif,384,1920,256,256,noise
tile_00199.tif,512,1920,256,256,none
tile_00199_flipH.tif,512,1920,256,256,flipH
tile_00199_flipV.tif,512,1920,256,256,flipV
tile_00199_rot90.tif,512,1920,256,256,rot90
tile_00199_rot270.tif,512,1920,256,256,rot270
tile_00199_noise.tif,512,1920,256,256,noise
tile_00200.tif,640,1920,256,256,none
tile_00200_flipH.tif,640,1920,256,256,flipH
tile_00200_flipV.tif,640,1920,256,256,flipV
tile_00200_rot90.tif,640,1920,256,256,rot90
tile_00200_rot270.tif,640,1920,256,256,rot270
tile_00200_noise.tif,640,1920,256,256,noise
tile_00201.tif,768,1920,256,256,none
tile_00201_flipH.tif,768,1920,256,256,flipH
tile_00201_flipV.tif,768,1920,256,256,flipV
tile_00201_rot90.tif,768,1920,256,256,rot90
tile_00201_rot270.tif,768,1920,256,256,rot270
tile_00201_noise.tif,768,1920,256,256,noise
tile_00202.tif,896,1920,256,256,none
tile_00202_flipH.tif,896,1920,256,256,flipH
tile_00202_flipV.tif,896,1920,256,256,flipV
tile_00202_rot90.tif,896,1920,256,256,rot90
tile_00202_rot270.tif,896,1920,256,256,rot270
tile_00202_noise.tif,896,1920,256,256,noise
tile_00203.tif,1024,1920,256,256,none
tile_00203_flipH.tif,1024,1920,256,256,flipH
tile_00203_flipV.tif,1024,1920,256,256,flipV
tile_00203_rot90.tif,1024,1920,256,256,rot90
tile_00203_rot270.tif,1024,1920,256,256,rot270
tile_00203_noise.tif,1024,1920,256,256,noise
tile_00204.tif,1152,1920,256,256,none
tile_00204_flipH.tif,1152,1920,256,256,flipH
tile_00204_flipV.tif,1152,1920,256,256,flipV
tile_00204_rot90.tif,1152,1920,256,256,rot90
tile_00204_rot270.tif,1152,1920,256,256,rot270
tile_00204_noise.tif,1152,1920,256,256,noise
tile_00205.tif,1280,1920,256,256,none
tile_00205_flipH.tif,1280,1920,256,256,flipH
tile_00205_flipV.tif,1280,1920,256,256,flipV
tile_00205_rot90.tif,1280,1920,256,256,rot90
tile_00205_rot270.tif,1280,1920,256,256,rot270
tile_00205_noise.tif,1280,1920,256,256,noise
tile_00206.tif,1408,1920,256,256,none
tile_00206_flipH.tif,1408,1920,256,256,flipH
tile_00206_flipV.tif,1408,1920,256,256,flipV
tile_00206_rot90.tif,1408,1920,256,256,rot90
tile_00206_rot270.tif,1408,1920,256,256,rot270
tile_00206_noise.tif,1408,1920,256,256,noise
tile_00207.tif,1536,1920,256,256,none
tile_00207_flipH.tif,1536,1920,256,256,flipH
tile_00207_flipV.tif,1536,1920,256,256,flipV
tile_00207_rot90.tif,1536,1920,256,256,rot90
tile_00207_rot270.tif,1536,1920,256,256,rot270
tile_00207_noise.tif,1536,1920,256,256,noise
tile_00208.tif,0,2048,256,256,none
tile_00208_flipH.tif,0,2048,256,256,flipH
tile_00208_flipV.tif,0,2048,256,256,flipV
tile_00208_rot90.tif,0,2048,256,256,rot90
tile_00208_rot270.tif,0,2048,256,256,rot270
tile_00208_noise.tif,0,2048,256,256,noise
tile_00209.tif,128,2048,256,256,none
tile_00209_flipH.tif,128,2048,256,256,flipH
tile_00209_flipV.tif,128,2048,256,256,flipV
tile_00209_rot90.tif,128,2048,256,256,rot90
tile_00209_rot270.tif,128,2048,256,256,rot270
tile_00209_noise.tif,128,2048,256,256,noise
tile_00210.tif,256,2048,256,256,none
tile_00210_flipH.tif,256,2048,256,256,flipH
tile_00210_flipV.tif,256,2048,256,256,flipV
tile_00210_rot90.tif,256,2048,256,256,rot90
tile_00210_rot270.tif,256,2048,256,256,rot270
tile_00210_noise.tif,256,2048,256,256,noise
tile_00211.tif,384,2048,256,256,none
tile_00211_flipH.tif,384,2048,256,256,flipH
tile_00211_flipV.tif,384,2048,256,256,flipV
tile_00211_rot90.tif,384,2048,256,256,rot90
tile_00211_rot270.tif,384,2048,256,256,rot270
tile_00211_noise.tif,384,2048,256,256,noise
tile_00212.tif,512,2048,256,256,none
tile_00212_flipH.tif,512,2048,256,256,flipH
tile_00212_flipV.tif,512,2048,256,256,flipV
tile_00212_rot90.tif,512,2048,256,256,rot90
tile_00212_rot270.tif,512,2048,256,256,rot270
tile_00212_noise.tif,512,2048,256,256,noise
tile_00213.tif,640,2048,256,256,none
tile_00213_flipH.tif,640,2048,256,256,flipH
tile_00213_flipV.tif,640,2048,256,256,flipV
tile_00213_rot90.tif,640,2048,256,256,rot90
tile_00213_rot270.tif,640,2048,256,256,rot270
tile_00213_noise.tif,640,2048,256,256,noise
tile_00214.tif,768,2048,256,256,none
tile_00214_flipH.tif,768,2048,256,256,flipH
tile_00214_flipV.tif,768,2048,256,256,flipV
tile_00214_rot90.tif,768,2048,256,256,rot90
tile_00214_rot270.tif,768,2048,256,256,rot270
tile_00214_noise.tif,768,2048,256,256,noise
tile_00215.tif,896,2048,256,256,none
tile_00215_flipH.tif,896,2048,256,256,flipH
tile_00215_flipV.tif,896,2048,256,256,flipV
tile_00215_rot90.tif,896,2048,256,256,rot90
tile_00215_rot270.tif,896,2048,256,256,rot270
tile_00215_noise.tif,896,2048,256,256,noise
tile_00216.tif,1024,2048,256,256,none
tile_00216_flipH.tif,1024,2048,256,256,flipH
tile_00216_flipV.tif,1024,2048,256,256,flipV
tile_00216_rot90.tif,1024,2048,256,256,rot90
tile_00216_rot270.tif,1024,2048,256,256,rot270
tile_00216_noise.tif,1024,2048,256,256,noise
tile_00217.tif,1152,2048,256,256,none
tile_00217_flipH.tif,1152,2048,256,256,flipH
tile_00217_flipV.tif,1152,2048,256,256,flipV
tile_00217_rot90.tif,1152,2048,256,256,rot90
tile_00217_rot270.tif,1152,2048,256,256,rot270
tile_00217_noise.tif,1152,2048,256,256,noise
tile_00218.tif,1280,2048,256,256,none
tile_00218_flipH.tif,1280,2048,256,256,flipH
tile_00218_flipV.tif,1280,2048,256,256,flipV
tile_00218_rot90.tif,1280,2048,256,256,rot90
tile_00218_rot270.tif,1280,2048,256,256,rot270
tile_00218_noise.tif,1280,2048,256,256,noise
tile_00219.tif,1408,2048,256,256,none
tile_00219_flipH.tif,1408,2048,256,256,flipH
tile_00219_flipV.tif,1408,2048,256,256,flipV
tile_00219_rot90.tif,1408,2048,256,256,rot90
tile_00219_rot270.tif,1408,2048,256,256,rot270
tile_00219_noise.tif,1408,2048,256,256,noise
tile_00220.tif,1536,2048,256,256,none
tile_00220_flipH.tif,1536,2048,256,256,flipH
tile_00220_flipV.tif,1536,2048,256,256,flipV
tile_00220_rot90.tif,1536,2048,256,256,rot90
tile_00220_rot270.tif,1536,2048,256,256,rot270
tile_00220_noise.tif,1536,2048,256,256,noise
